is_delayed,count,%
on schedule,19096748,35.466218951048546
delayed,30301635,56.27578169250366
early,4446511,8.2579993564478
